1. ANESTHESIQUES,
1.1 Anesthésiques généraux et oxygène,
1.1.1 Médicaments inhalables,
halothane,Inhalation.
isoflurane,Inhalation.
oxygène,Inhalation (gaz à usage médicinal).
protoxyde dʹazote,Inhalation.
1.1.2 Médicaments injectables,
kétamine,"Solution injectable: 50 mg (sous forme de chlorhydrate)/ml, enflacon de 10 ml."
propofol*,"Solution injectable: 10 mg/ml; 20 mg/ml.* Le thiopenthal peut être utilisé comme une alternative selon ladisponibilité locale et le coût."
1.2 Anesthésiques locaux,
bupivacaïne,"Solution injectable: 0,25%; 0,5% (chlorhydrate) en flacon.Solution injectable pour rachianesthésie: 0,5% (chlorhydrate) enampoule de 4 ml à mélanger avec une solution de glucose à 7,5%."
lidocaïne,"Formes pour application locale: 2% à 4% (chlorhydrate).Solution injectable: 1%; 2% (chlorhydrate) en flacon.Solution injectable pour rachianesthésie: 5% (chlorhydrate) enampoule de 2 ml à mélanger avec une solution de glucose à 7,5%."
lidocaïne + épinéphrine (adrénaline),"Cartouche pour usage dentaire: 2% (chlorhydrate) + épinéphrine1:80 000.Solution injectable: 1%; 2% (chlorhydrate ou sulfate) +épinéphrine 1:200 000 en flacon."
Liste complémentaire,
"éphédrine","Solution injectable: 30 mg (chlorhydrate)/ml en ampoule de 1 ml.(Pour rachianesthésie pendant lʹaccouchement, pour éviterlʹhypotension)."
1.3 Prémédication anesthésique et sédation pour interventions de courte durée,
atropine,Solution injectable: 1 mg (sulfate) en ampoule de 1 ml.
midazolam,"Comprimé: 7,5 mg; 15 mg.Forme buvable: 2 mg/ml [c].Solution injectable: 1 mg/ml."
"[c]",
"Comprimé: 7,5 mg; 15 mg.Forme buvable: 2 mg/ml [c].Solution injectable: 1 mg/ml."
"[c]"
"2. ANALGESIQUES, ANTIPYRETIQUES, ANTI-INFLAMMATOIRESNON STEROIDIENS (AINS), ANTIGOUTTEUX ET MEDICAMENTS UTILISES POUR LETRAITEMENT DE FOND DES AFFECTIONS RHUMATISMALES",
2.1 Analgésiques non opioïdes et anti-inflammatoires non stéroïdiens,
acide acétylsalicylique,"Comprimé: 100 mg à 500 mg.Suppositoire: 50 mg à 150 mg."
ibuprofène a,"Comprimé: 200 mg; 400 mg.Forme buvable: 200 mg/5 ml.a >3 mois."
a,
"",a
paracétamol*,"Comprimé: 100 mg à 500 mg.Forme buvable: 125 mg/5 ml.Suppositoire: 100 mg.* Nʹest pas recommandé comme anti‐inflammatoire enlʹabsence dʹintérêt prouvé dans cette indication."
Liste complémentaire [c],[c
acide acétylsalicylique*,"Comprimé: 100 mg à 500 mg.Suppositoire: 50 mg à 150 mg.* A utiliser en cas de rhumatisme articulaire aigu, de polyarthritejuvénile ou de maladie de Kawasaki."
2.2 Analgésiques opioïdes,
codéine*,"Comprimé: 30 mg (phosphate).* Le Comité dʹExperts a demandé un examen comparé delʹefficacité et de la sécurité, en vue de l’éventuelle suppressionde ce médicament lors de sa prochaine réunion."
morphine,"Comprimé: 10 mg (sulfate de morphine).Comprimé (libération prolongée): 10 mg; 30 mg; 60 mg(sulfate de morphine).Forme buvable: 10 mg (chlorhydrate de morphine ou sulfatede morphine)/5 ml.Solution injectable: 10 mg (chlorhydrate de morphine ousulfate de morphine) en ampoule de 1 ml."
2.3 Antigoutteux,
ibuprofène a
a
"Comprimé: 200 mg; 400 mg.Forme buvable: 200 mg/5 ml.a >3 mois."
a
Liste complémentaire [c],[c
hydroxychloroquine [c],[c]
2.4 Médicaments utilisés pour le traitement de fond des affections rhumatismales,,,
chloroquine*,"Comprimé: 100 mg; 150 mg (sous forme de phosphate ousulfate).* Le Comité dʹExperts a demandé un examen comparé delʹefficacité et de la sécurité, en vue de l’éventuelle suppressionde ce médicament lors de sa prochaine réunion.",,
Liste complémentaire,,,
azathioprine,Comprimé: 50 mg.,,
hydroxychloroquine [c],[c],Forme solide pour voie orale: 200 mg (sous forme de sulfate).,
méthotrexate,"Comprimé: 2,5 mg (sous forme de sel de sodium).",,
pénicillamine,Forme solide pour voie orale: 250 mg.,,
sulfasalazine,Comprimé: 500 mg.,,
3. ANTIALLERGIQUES ET ANTIANAPHYLACTIQUES,,,
chlorphénamine a,"Comprimé: 4 mg (hydrogénomaléate).Forme buvable: 2 mg/5 ml (hydrogénomaléate) [c].Solution injectable: 10 mg (hydrogénomaléate) en ampoule de1 ml.a >1 an.",,
"",,,[c
a,,,
"",a,,
dexaméthasone,"Solution injectable: 4 mg/ml en ampoule de 1 ml (sous formede sel de phosphate disodique).",,
"épinéphrine (adrénaline)","Solution injectable: 1 mg (sous forme de chlorhydrate oudʹhydrogénotartrate) en ampoule de 1 ml.",,
hydrocortisone,"Poudre pour préparation injectable: 100 mg (sous forme desuccinate sodique) en flacon.",,
prednisolone,"Comprimé: 5 mg; 25 mg.Forme buvable: 5 mg/ml [c].",,
"",,[c],
"4. ANTIDOTES ET AUTRES SUBSTANCES UTILISEES POUR LE TRAITEMENT DESINTOXICATIONS",,,
4.1 Non-spécifiques,,,
charbon activé,Poudre.,,
4.2 Spécifiques,,,
acétylcystéine,"Forme buvable: 10% [c]; 20% [c].Solution injectable: 200 mg/ml en ampoule de 10 ml.",[c],[c]
atropine,Solution injectable: 1 mg (sulfate) en ampoule de 1 ml.,,
"chlorure de méthylthioninium (bleu deméthylène)",Solution injectable: 10 mg/ml en ampoule de 10 ml.,,
chlorphénamine a
a
"Comprimé: 4 mg (hydrogénomaléate).Forme buvable: 2 mg/5 ml (hydrogénomaléate) [c].Solution injectable: 10 mg (hydrogénomaléate) en ampoule de1 ml.a >1 an."
"[c"
"Comprimé: 4 mg (hydrogénomaléate).Forme buvable: 2 mg/5 ml (hydrogénomaléate) [c].Solution injectable: 10 mg (hydrogénomaléate) en ampoule de1 ml.a >1 an."
a
"Comprimé: 5 mg; 25 mg.Forme buvable: 5 mg/ml [c]."
"[c]"
"Forme buvable: 10% [c]; 20% [c].Solution injectable: 200 mg/ml en ampoule de 10 ml.",[c]
"Forme buvable: 10% [c]; 20% [c].Solution injectable: 200 mg/ml en ampoule de 10 ml.",[c]
"hexacyanoferrate (II) de potassium et defer (bleu de Prusse)",Poudre pour voie orale.
naloxone,"Solution injectable: 400 microgrammes (chlorhydrate) enampoule de 1 ml."
nitrite de sodium,Solution injectable: 30 mg/ml en ampoule de 10 ml.
pénicillamine*,"Forme solide pour voie orale: 250 mg.* Le Comité dʹExperts a demandé un examen comparé delʹefficacité et de la sécurité, en vue de l’éventuelle suppressionde ce médicament lors de sa prochaine réunion."
thiosulfate de sodium,Solution injectable: 250 mg/ml en ampoule de 50 ml.
Liste complémentaire,
calcium édétate de sodium,Solution injectable: 200 mg/ml en ampoule de 5 ml.
déféroxamine,Poudre pour préparation injectable: 500 mg (mésylate) en flacon.
dimercaprol,"Solution injectable dans un excipient huileux: 50 mg/ml enampoule de 2 ml."
succimer,Forme solide pour voie orale: 100 mg.
5. ANTICONVULSANTS/ANTIEPILEPTIQUES,
"acide valproïque(valproate de sodium)","Comprimé (à écraser): 100 mg.Comprimé (gastrorésistant): 200 mg; 500 mg (valproate desodium).Forme buvable: 200 mg/5 ml."
carbamazépine,"Comprimé (à croquer): 100 mg; 200 mg.Comprimé (sécable): 100 mg; 200 mg.Forme buvable: 100 mg/5 ml."
diazépam,"Gel ou solution pour voie rectale: 5 mg/ml en tube de 0,5 ml;2 ml; 4 ml."
lorazépam,"Formulation parentérale: 2 mg/ml en ampoule de 1 ml;4 mg/ml en ampoule de 1 ml."
phénytoïne,"Comprimé (à croquer): 50 mg.Forme buvable: 25 mg à 30 mg/5 ml.*Forme solide pour voie orale: 25 mg; 50 mg; 100 mg (sel desodium).Solution injectable: 50 mg/ml en flacon de 5 ml (sel desodium).* La présence de deux dosages (25 mg/5 ml et 30 mg/5 ml) surle même marché peut entraîner des confusions lors de laprescription et de la dispensation et doit être évitée."
sulfate de magnésium*,"Solution injectable: 500 mg/ml en ampoule de 2 ml; 500 mg/mlen ampoule de 10 ml.* Indiqué en cas dʹéclampsie ou de prééclampsie sévère, àlʹexclusion des autres troubles convulsifs."
Liste complémentaire,
"éthosuximide","Capsule: 250 mg.Forme buvable: 250 mg/5 ml."
6. ANTI-INFECTIEUX,
6.1 Anthelminthiques,
6.1.1 Médicaments contre les helminthes intestinaux,
albendazole,Comprimé (à croquer): 400 mg.
lévamisole*,"Comprimé: 50 mg; 150 mg (sous forme de chlorhydrate).* Le Comité dʹExperts a demandé que ce médicament soit revupour suppression lors de sa prochaine réunion. Doit être utiliséen association avec dʹautres anthelminthiques."
mébendazole,Comprimé (à croquer): 100 mg; 500 mg.
niclosamide*,"Comprimé (à croquer): 500 mg.* Le niclosamide figure dans la liste en cas dʹéchecthérapeutique avec le praziquantel.Le Comité dʹExperts a demandé que ce médicament soit revupour suppression lors de sa prochaine réunion."
praziquantel,Comprimé: 150 mg; 600 mg.
pyrantel,"Comprimé (à croquer): 250 mg (sous forme dʹembonate ou depamoate).Forme buvable: 50 mg (sous forme dʹembonate ou depamoate)/ml."
6.1.2 Antifilariens,
albendazole,Comprimé (à croquer): 400 mg.
diéthylcarbamazine,Comprimé: 50 mg; 100 mg (dihydrogénocitrate).
ivermectine,Comprimé (sécable): 3 mg; 6 mg.
6.1.3 Schistosomicides (antibilharziens) et antitrématodes,
praziquantel,Comprimé: 600 mg.
triclabendazole,Comprimé: 250 mg.
Liste complémentaire,
oxamniquine*,"Capsule: 250 mg.Forme buvable: 250 mg/5 ml.* Lʹoxamniquine figure dans la liste en cas dʹéchec thérapeutique avecle praziquantel."
6.2 Antibactériens,
6.2.1 Bêta-lactamines,
amoxicilline,"Forme solide pour voie orale: 250 mg; 500 mg (sous forme detrihydrate).Poudre pour forme buvable: 125 mg (sous forme detrihydrate)/5 ml; 250 mg (sous forme de trihydrate)/5 ml [c]."
"",[c
amoxicilline + acide clavulanique,"Comprimé: 500 mg (sous forme de trihydrate) + 125 mg (sousforme de sel de potassium).Forme buvable: 125 mg amoxicilline + 31,25 mg acideclavulanique/5 ml ET 250 mg amoxicilline + 62,5 mg acideclavulanique/5 ml [c]."
"",[c]
ampicilline,"Poudre pour préparation injectable: 500 mg; 1 g (sous formede sel de sodium) en flacon."
benzathine benzylpénicilline,"Poudre pour préparation injectable: 900 mg benzylpénicilline(= 1,2 million UI) en flacon de 5 ml [c]; 1,44 g benzylpénicilline(= 2,4 millions UI) en flacon de 5 ml."
"",[c
benzylpénicilline,"Poudre pour préparation injectable: 600 mg (= 1 million UI);3 g (= 5 millions UI) (sel de sodium ou de potassium) en flacon."
céfalexine [c],"Poudre à reconstituer avec de l’eau: 125 mg/5 ml; 250 mg/5ml(anhydre).Forme solide pour voie orale: 250 mg (sous formemonohydratée)."
"[c",
céfazoline* a,"Poudre pour préparation injectable: 1 g (sous forme de sel desodium) en flacon.* Pour la prophylaxie en chirurgie.a > 1 mois."
a,
a,
"Forme solide pour voie orale: 250 mg; 500 mg (sous forme detrihydrate).Poudre pour forme buvable: 125 mg (sous forme detrihydrate)/5 ml; 250 mg (sous forme de trihydrate)/5 ml [c]."
"[c"
"Comprimé: 500 mg (sous forme de trihydrate) + 125 mg (sousforme de sel de potassium).Forme buvable: 125 mg amoxicilline + 31,25 mg acideclavulanique/5 ml ET 250 mg amoxicilline + 62,5 mg acideclavulanique/5 ml [c]."
"[c]"
"Poudre pour préparation injectable: 900 mg benzylpénicilline(= 1,2 million UI) en flacon de 5 ml [c]; 1,44 g benzylpénicilline(= 2,4 millions UI) en flacon de 5 ml."
"[c"
céfalexine [c]
"[c"
céfazoline* a
a
"Poudre pour préparation injectable: 1 g (sous forme de sel desodium) en flacon.* Pour la prophylaxie en chirurgie.a > 1 mois."
a
ceftriaxone* a
a
ceftriaxone* a,"Poudre pour préparation injectable: 250 mg; 1 g (sous formede sel de sodium) en flacon.* Ne pas administrer avec du calcium et à éviter chez lesnourrissons présentant une hyperbilirubinémie.a Age gestationnel corrigé > 41 semaines."
a,
"",a
cloxacilline,"Capsule: 500 mg; 1 g (sous forme de sel de sodium).Poudre pour forme buvable: 125 mg (sous forme de sel desodium)/5 ml.Poudre pour préparation injectable: 500 mg (sous forme de selde sodium) en flacon."
phénoxyméthylpénicilline,"Comprimé: 250 mg (sous forme de sel de potassium).Poudre pour forme buvable: 250 mg (sous forme de sel depotassium)/5 ml."
procaïne benzylpénicilline*,"Poudre pour préparation injectable: 1 g (= 1 million UI); 3 g(= 3 millions UI) en flacon.* La procaïne benzylpénicilline n’est pas recommandée enpremière intention pour le traitement des infections néonatales,sauf dans les situations où la mortalité néonatale est élevéelorsqu’elle est alors administrée par des agents de santéqualifiés si l’hospitalisation est impossible."
Liste complémentaire,
céfotaxime* [c],"Poudre pour préparation injectable: 250 mg par flacon (sousforme de sel de sodium).* Céphalosporine de 3e génération de choix pour les nouveau‐néshospitalisés."
"[c]",
ceftazidime,"Poudre pour préparation injectable: 250 ml ou 1 g (sous formepentahydratée) en flacon."
imipénem* + cilastatine*,"Poudre pour préparation injectable: 250 mg (sous formemonohydratée) + 250 mg (sous forme de sel de sodium); 500 mg (sousforme monohydratée) + 500 mg (sous forme de sel de sodium) enflacon.* Ne figure dans la liste que pour le traitement des infectionsnosocomiales mortelles dues à une infection polypharmacorésistanteprésumée ou prouvée.Le méropénem est indiqué pour le traitement de la méningite et esthomologué pour un usage chez l’enfant de plus de 3 mois."
6.2.2 Autres antibactériens,
"Poudre pour préparation injectable: 250 mg; 1 g (sous formede sel de sodium) en flacon.* Ne pas administrer avec du calcium et à éviter chez lesnourrissons présentant une hyperbilirubinémie.a Age gestationnel corrigé > 41 semaines."
a
céfotaxime* [c]
"[c]"
chloramphénicol,"Capsule: 250 mg.Forme buvable: 150 mg (sous forme de palmitate)/5 ml.Poudre pour préparation injectable: 1 g (succinate sodique) enflacon.Suspension huileuse pour injection*: 0,5 g (sous forme desuccinate sodique)/ml en ampoule de 2 ml.* Uniquement pour le traitement présomptif de la méningiteépidémique chez l’enfant de plus de 2 ans.",,
ciprofloxacine*,"Comprimé: 250 mg (sous forme de chlorhydrate).Forme buvable: 250 mg/5 ml (anhydre) [c].Solution pour perfusion IV: 2 mg/ml (sous forme dʹhyclate)[c].* Le symbole carré ne sʹapplique quʹaux adultes.",,
"",,[c],
"",c],,
clarithromycine*,"Forme solide pour voie orale: 500 mg.Pour utilisation en association avec les traitementsdʹéradication de H. Pylori chez lʹadulte.",,
doxycycline a,"Forme buvable: 25 mg/5 ml [c]; 50 mg/5 ml (anhydre) [c].Forme solide pour voie orale: 50 mg [c]; 100 mg (sous formedʹhyclate).a A n’utiliser chez l’enfant de moins de 8 ans qu’en cas d’infectionengageant le pronostic vital si aucun autre traitement n’existe.",[c],[c]
"",[c],,
a,,,
"",a,,
"érythromycine","Forme solide pour voie orale: 250 mg (sous forme de stéarateou dʹestolate ou dʹéthylsuccinate).Poudre pour forme buvable: 125 mg/5 ml (sous forme destéarate ou dʹestolate ou dʹéthylsuccinate).Poudre pour préparation injectable: 500 mg (sous forme delactobionate) en flacon.",,
gentamicine,"Solution injectable: 10 mg; 40 mg (sous forme de sulfate)/mlen flacon de 2 ml.",,
métronidazole,"Comprimé: 200 mg à 500 mg.Forme buvable: 200 mg (sous forme de benzoate)/5 ml.Solution injectable: 500 mg en flacon de 100 ml.Suppositoire: 500 mg; 1 g.",,
nitrofurantoïne,"Comprimé: 100 mg.Forme buvable: 25 mg/5 ml [c].",,
"[c]",,,
"Comprimé: 250 mg (sous forme de chlorhydrate).Forme buvable: 250 mg/5 ml (anhydre) [c].Solution pour perfusion IV: 2 mg/ml (sous forme dʹhyclate)[c].* Le symbole carré ne sʹapplique quʹaux adultes."
c]
"Comprimé: 250 mg (sous forme de chlorhydrate).Forme buvable: 250 mg/5 ml (anhydre) [c].Solution pour perfusion IV: 2 mg/ml (sous forme dʹhyclate)[c].* Le symbole carré ne sʹapplique quʹaux adultes."
"[c]"
doxycycline a
a
"Forme buvable: 25 mg/5 ml [c]; 50 mg/5 ml (anhydre) [c].Forme solide pour voie orale: 50 mg [c]; 100 mg (sous formedʹhyclate).a A n’utiliser chez l’enfant de moins de 8 ans qu’en cas d’infectionengageant le pronostic vital si aucun autre traitement n’existe.",[c]
"Forme buvable: 25 mg/5 ml [c]; 50 mg/5 ml (anhydre) [c].Forme solide pour voie orale: 50 mg [c]; 100 mg (sous formedʹhyclate).a A n’utiliser chez l’enfant de moins de 8 ans qu’en cas d’infectionengageant le pronostic vital si aucun autre traitement n’existe.",[c]
"Forme buvable: 25 mg/5 ml [c]; 50 mg/5 ml (anhydre) [c].Forme solide pour voie orale: 50 mg [c]; 100 mg (sous formedʹhyclate).a A n’utiliser chez l’enfant de moins de 8 ans qu’en cas d’infectionengageant le pronostic vital si aucun autre traitement n’existe."
"[c]"
"Forme buvable: 25 mg/5 ml [c]; 50 mg/5 ml (anhydre) [c].Forme solide pour voie orale: 50 mg [c]; 100 mg (sous formedʹhyclate).a A n’utiliser chez l’enfant de moins de 8 ans qu’en cas d’infectionengageant le pronostic vital si aucun autre traitement n’existe."
a
"Comprimé: 100 mg.Forme buvable: 25 mg/5 ml [c]."
"[c]"
triméthoprime a
a
sulfaméthoxazole + triméthoprime,"Comprimé: 100 mg + 20 mg; 400 mg + 80 mg; 800 mg + 160 mg.Forme buvable: 200 mg + 40 mg/5 ml.Solution injectable:80 mg + 16 mg/ml en ampoule de 5 ml;80 mg + 16 mg/ml en ampoule de 10 ml."
triméthoprime a,"Comprimé: 100 mg; 200 mg.Forme buvable: 50 mg/5 ml [c].a > 6 mois."
a,[c]
"",a
Liste complémentaire,
clindamycine,"Capsule: 150 mg (sous forme de chlorhydrate).Forme buvable: 75 mg/5 ml (sous forme de palmitate) [c].Solution injectable: 150 mg (sous forme de phosphate)/ml."
"",[c
vancomycine,"Poudre pour préparation injectable: 250 mg (sous forme dechlorhydrate) en flacon."
6.2.3 Antilépreux,
"Les médicaments indiqués dans le traitement de la lèpre ne doivent être administrés qu’en association. Letraitement par une association thérapeutique est indispensable pour empêcher la survenue d’unepharmacorésistance. On utilisera des plaquettes thermoformées (blister packs) chromocodées, contenantune association classique de deux médicaments (lèpre paucibacillaire) ou de trois médicaments (lèpremultibacillaire) destinée à l’adulte ou à l’enfant. Ces plaquettes peuvent être obtenues gratuitement ens’adressant à l’OMS.",
clofazimine,Capsule: 50 mg; 100 mg.
dapsone,Comprimé: 25 mg; 50 mg; 100 mg.
rifampicine,Forme solide pour voie orale: 150 mg; 300 mg.
6.2.4 Antituberculeux,
"éthambutol","Comprimé: 100 mg à 400 mg (chlorhydrate).Forme buvable: 25 mg/ml [c]."
"",[c]
"éthambutol + isoniazide",Comprimé: 400 mg + 150 mg.
"éthambutol + isoniazide + pyrazinamide+ rifampicine",Comprimé: 275 mg + 75 mg + 400 mg + 150 mg.
"éthambutol + isoniazide + rifampicine",Comprimé: 275 mg + 75 mg + 150 mg.
"Comprimé: 100 mg; 200 mg.Forme buvable: 50 mg/5 ml [c].a > 6 mois."
a
"Comprimé: 100 mg; 200 mg.Forme buvable: 50 mg/5 ml [c].a > 6 mois."
"[c]"
"Capsule: 150 mg (sous forme de chlorhydrate).Forme buvable: 75 mg/5 ml (sous forme de palmitate) [c].Solution injectable: 150 mg (sous forme de phosphate)/ml."
"[c"
"Comprimé: 100 mg à 400 mg (chlorhydrate).Forme buvable: 25 mg/ml [c]."
"[c]"
"[c]"
isoniazide + pyrazinamide + rifampicine,"Comprimé:75 mg + 400 mg + 150 mg.150 mg + 500 mg + 150 mg (pour traitement intermittent, troisfois par semaine).",
isoniazide + rifampicine,"Comprimé:75 mg + 150 mg; 150 mg + 300 mg.60 mg + 60 mg (pour traitement intermittent, trois fois parsemaine).150 mg + 150 mg (pour traitement intermittent, trois fois parsemaine).",
pyrazinamide,"Comprimé: 400 mg.Comprimé (dispersible): 150 mg.Comprimé (sécable): 150 mg.Forme buvable: 30 mg/ml [c].",
"",c],
rifabutine,"Capsule: 150 mg.** A n’utiliser chez les patients infectés par le VIH et relevantdes inhibiteurs de protéase.",
rifampicine,"Forme buvable: 20 mg/ml [c].Forme solide pour voie orale: 150 mg; 300 mg.",c]
streptomycine,"Poudre pour préparation injectable: 1 g (sous forme desulfate) en flacon.",
Liste complémentaire,,
"Les médicaments de réserve pour le traitement de deuxième intention de la tuberculosemultirésistante seront utilisés dans les centres spécialisés se conformant aux normes de l’OMS enmatière de lutte antituberculeuse.",,
acide p‐aminosalicylique,"Comprimé: 500 mg.Granulés: 4 g en sachet.",
amikacine,"Poudre pour préparation injectable: 100 mg; 500 mg; 1 g (sousforme de sulfate) en flacon.",
capréomycine,"Poudre pour préparation injectable: 1 g (sous forme de sulfate) enflacon.",
cyclosérine,Forme solide pour voie orale: 250 mg.,
"éthionamide",Comprimé: 125 mg; 250 mg.,
kanamycine,"Poudre pour préparation injectable: 1 g (sous forme de sulfate) enflacon.",
ofloxacine*,"Comprimé: 200 mg; 400 mg.* La lévofloxacine peut être utilisée en remplacement pour desquestions de disponibilité ou selon les options du programme.",
"Comprimé: 400 mg.Comprimé (dispersible): 150 mg.Comprimé (sécable): 150 mg.Forme buvable: 30 mg/ml [c]."
c]
"Forme buvable: 20 mg/ml [c].Forme solide pour voie orale: 150 mg; 300 mg.",c]
6.3 Antifongiques,,
clotrimazole,"Comprimé vaginal: 100 mg; 500 mg.Crème vaginale: 1%; 10%.",
fluconazole,"Capsule: 50 mg.Forme buvable: 50 mg/5 ml.Solution injectable: 2 mg/ml en flacon.",
griséofulvine,"Forme buvable: 125 mg/5 ml [c].Forme solide pour voie orale: 125 mg; 250 mg.",c
nystatine,"Comprimé: 100 000 UI; 500 000 UI.Comprimé vaginal: 100 000 UI.Forme buvable: 50 mg/5 ml [c]; 100 000 UI/ml [c].Pastille: 100 000 UI.",
"",[c],[c]
Liste complémentaire,,
amphotéricine B,"Poudre pour préparation injectable: 50 mg en flacon.Sous forme de désoxycholate de sodium ou de complexe liposimique.",
flucytosine,"Capsule: 250 mg.Solution pour perfusion: 2,5 g en 250 ml.",
iodure de potassium,Solution saturée.,
6.4 Antiviraux,,
6.4.1 Antiherpétiques,,
aciclovir,"Comprimé: 200 mg.Forme buvable: 200 mg/5 ml [c].Poudre pour préparation injectable: 250 mg (sous forme de selde sodium) en flacon.",
c,,
6.4.2 Antirétroviraux,,
"Forme buvable: 125 mg/5 ml [c].Forme solide pour voie orale: 125 mg; 250 mg.",c
"Comprimé: 100 000 UI; 500 000 UI.Comprimé vaginal: 100 000 UI.Forme buvable: 50 mg/5 ml [c]; 100 000 UI/ml [c].Pastille: 100 000 UI."
"[c]"
"Comprimé: 100 000 UI; 500 000 UI.Comprimé vaginal: 100 000 UI.Forme buvable: 50 mg/5 ml [c]; 100 000 UI/ml [c].Pastille: 100 000 UI."
"[c]"
"Comprimé: 200 mg.Forme buvable: 200 mg/5 ml [c].Poudre pour préparation injectable: 250 mg (sous forme de selde sodium) en flacon."
c
6.4.2.1 Inhibiteurs nucléosidiques/nucléotidiques de la transcriptase inverse,
abacavir (ABC),"Comprimé: 300 mg (sous forme de sulfate).Forme buvable: 100 mg (sous forme de sulfate)/5 ml."
didanosine (ddI),"Capsule (gastrorésistante non tamponnée): 125 mg; 200 mg;250 mg; 400 mg.Comprimé (dispersible tamponné, à croquer): 25 mg; 50 mg;100 mg; 150 mg; 200 mg.Poudre tamponnée pour forme buvable: 100 mg; 167 mg;250 mg en sachets."
emtricitabine (FTC)* a,"Capsule: 200 mg.Forme buvable: 10 mg/ml.* La FTC constitue une alternative acceptable à la 3TC dʹaprèsles résultats dʹessais cliniques et les connaissances actuelles surla pharmacologie et les profils de résistance des antirétroviraux.a > 3 mois."
a,
"",a
lamivudine (3TC),"Comprimé: 150 mg.Forme buvable: 50 mg/5 ml."
stavudine (d4T),"Comprimé: 15 mg; 20 mg; 30 mg.Poudre pour forme buvable: 5 mg/5 ml."
ténofovir disoproxil fumarate (TDF),"Comprimé: 300 mg (ténofovir disoproxil fumarate ‐correspondant à 245 mg de ténofovir disoproxil)."
zidovudine (ZDV ou AZT),"Capsule: 100 mg; 250 mg.Comprimé: 300 mg.Forme buvable: 50 mg/5 ml.Solution pour perfusion IV: 10 mg/ml en flacon de 20 ml."
6.4.2.2 Inhibiteurs non nucléosidiques de la transcriptase inverse,
"éfavirenz (EFV ou EFZ) a","Capsule: 50 mg; 100 mg; 200 mg.Comprimé: 600 mg.Forme buvable: 150 mg/5 ml.a >3 ans ou poids >10 kg."
a,
a,
emtricitabine (FTC)* a
a
"Capsule: 200 mg.Forme buvable: 10 mg/ml.* La FTC constitue une alternative acceptable à la 3TC dʹaprèsles résultats dʹessais cliniques et les connaissances actuelles surla pharmacologie et les profils de résistance des antirétroviraux.a > 3 mois."
a
"éfavirenz (EFV ou EFZ) a"
a
"Capsule: 50 mg; 100 mg; 200 mg.Comprimé: 600 mg.Forme buvable: 150 mg/5 ml.a >3 ans ou poids >10 kg."
a
atazanavir a
a
6.4.2.3 Inhibiteurs de protéase,,
"Le choix des inhibiteurs de protéase à partir de la liste modèle devra être établi par chacun des pays entenant compte des directives thérapeutiques internationales et nationales et des données de l’expérience. Leritonavir est recommandé dans les associations en tant que potentialisateur pharmacologique et noncomme antirétroviral à part entière.Tous les autres inhibiteurs de protéase doivent être utilisés sous des formes renforcées (par exemple, avecdu ritonavir).",,
atazanavir a,"Forme solide pour voie orale: 100 mg; 150 mg; 300 mg (sousforme de sulfate).a Poids > 25 kg.",
a,,
"",a,
indinavir (IDV),Forme solide pour voie orale: 400 mg (sous forme de sulfate).,
lopinavir + ritonavir (LPV/r),"Capsule: 133,3 mg + 33,3 mg.Comprimé (thermostable): 100 mg + 25 mg; 200 mg + 50 mg.Forme buvable: 400 mg + 100 mg/5 ml.",
ritonavir,"Comprimé (thermostable): 25 mg; 100 mg.Forme buvable: 400 mg/5 ml.Forme solide pour voie orale: 100 mg.",
saquinavir (SQV) a,"Forme solide pour voie orale: 200 mg; 500 mg (sous forme demésylate).a Poids > 25 kg.",
a,,
"",a,
ASSOCIATIONS FIXES,,
"éfavirenz + emtricitabine* + ténofovir","Comprimé: 600 mg + 200 mg + 300 mg (fumarate de ténofovirdisoproxil correspondant à 245 mg de ténofovir disoproxil).* La FTC constitue une alternative acceptable à la 3TC d’aprèsles résultats d’essais cliniques et les connaissances actuelles surla pharmacologie et les profils de résistance des antirétroviraux.",
emtricitabine* + ténofovir,"Comprimé: 200 mg + 300 mg (fumarate de ténofovir disoproxilcorrespondant à 245 mg de ténofovir disoproxil).* La FTC constitue une alternative acceptable à la 3TC d’aprèsles résultats d’essais cliniques et les connaissances actuelles surla pharmacologie et les profils de résistance des antirétroviraux.",
lamivudine + névirapine + stavudine,"Comprimé: 150 mg + 200 mg + 30 mg.Comprimé (dispersible):30 mg + 50 mg + 6 mg [c]; 60 mg + 100 mg + 12 mg [c].",
"",[c],[c]
lamivudine + névirapine + zidovudine,"Comprimé:30 mg + 50 mg + 60 mg [c]; 150 mg + 200 mg + 300 mg.",
"[c]",,
"[c]",,
"Forme solide pour voie orale: 100 mg; 150 mg; 300 mg (sousforme de sulfate).a Poids > 25 kg."
a
saquinavir (SQV) a
a
"Forme solide pour voie orale: 200 mg; 500 mg (sous forme demésylate).a Poids > 25 kg."
a
"Comprimé: 150 mg + 200 mg + 30 mg.Comprimé (dispersible):30 mg + 50 mg + 6 mg [c]; 60 mg + 100 mg + 12 mg [c]."
"[c]"
"Comprimé: 150 mg + 200 mg + 30 mg.Comprimé (dispersible):30 mg + 50 mg + 6 mg [c]; 60 mg + 100 mg + 12 mg [c]."
"[c]"
"Comprimé:30 mg + 50 mg + 60 mg [c]; 150 mg + 200 mg + 300 mg."
"[c]"
6.4.3 Autres antiviraux,
oseltamivir*,"Capsule: 30 mg; 45 mg; 75 mg (sous forme de phosphate).Poudre pour voie orale: 12 mg/ml.* Lʹoseltamivir devrait être utilisé uniquement conformémentaux recommandations thérapeutiques de lʹOMS, cʹest‐à dire 1)pour le traitement des patients atteints dʹune pathologie cliniquegrave ou évolutive et chez qui la présence du virus de la grippepandémique A (H1N1) 2009 est présumée ou confirmée, 2) pourle traitement des patients chez qui lʹon a confirmé ou lʹonprésume une pathologie sans complications due à lʹinfection parle virus de la grippe pandémique appartenant aux groupes lesplus exposés, notamment les femmes enceintes et les enfants demoins de deux ans."
ribavirine*,"Forme solide pour voie orale: 200 mg; 400 mg; 600 mg.Solution injectable pour administration intraveineuse: 800 mget 1 g dans 10 ml de solution tamponnée au phosphate.* Uniquement pour le traitement des fièvres hémorragiquesvirales."
6.5 Antiprotozoaires,
6.5.1 Antiamibiens et antigiardiens,
diloxanide a,"Comprimé: 500 mg (furoate).a Poids > 25 kg."
a,
"",a
métronidazole,"Comprimé: 200 mg à 500 mg.Forme buvable: 200 mg (sous forme de benzoate)/5 ml.Solution injectable: 500 mg en flacon de 100 ml."
6.5.2 Antileishmaniens,
amphotéricine B,"Poudre pour préparation injectable: 50 mg en flacon.Sous forme de désoxycholate de sodium ou de complexeliposimique."
miltéfosine,Forme solide pour voie orale: 10 mg; 50 mg.
paromomycine,"Solution pour injection intramusculaire: 750 mg de composéde paromomycine (sous forme de sulfate)."
"stibogluconate de sodium ouantimoniate de méglumine","Solution injectable: 100 mg/ml, 1 flacon = 30 ml ou 30%,correspondant à environ 8,1% dʹantimoine (pentavalent) enampoule de 5 ml."
6.5.3 Antipaludiques,
6.5.3.1 Traitement curatif,
diloxanide a
a
"Comprimé: 500 mg (furoate).a Poids > 25 kg."
a
amodiaquine*,"Comprimé: 153 mg ou 200 mg (sous forme de chlorhydrate).* A utiliser en association avec l’artésunate 50 mg."
artéméther*,"Solution injectable huileuse: 80 mg/ml en ampoule de 1 ml.* A utiliser pour la prise en charge du paludisme grave."
artéméther + luméfantrine*,"Comprimé: 20 mg + 120 mg.Comprimé (dispersible): 20 mg + 120 mg [c].* Déconseillé pendant le premier trimestre de la grossesse etchez lʹenfant de moins de 5 kg."
"",[c
artésunate*,"Comprimé: 50 mg.Forme rectale: capsules de 50 mg [c]; 200 mg (pour letraitement du paludisme grave avant transfert uniquement; lesmalades doivent être emmenés dans un centre de santéapproprié pour les soins de suivi) [c].Solution injectable: ampoules contenant 60 mg dʹacideartésunique anhydre, avec une ampoule séparée de solution debicarbonate de sodium à 5%. A utiliser dans la prise en chargedu paludisme grave.* A utiliser en association avec lʹamodiaquine, la méfloquine oula sulfadoxine + pyriméthamine."
"",c]
"",[c
artésunate + amodiaquine*,"Comprimé: 25 mg + 67.5 mg; 50 mg + 135 mg; 100 mg + 270 mg.* D’autres associations délivrant les doses requises, par exemple153 mg ou 200 mg d’amodiaquine (sous forme de chlorhydrate)et 50 mg d’artésunate, pourraient constituer des solutions deremplacement."
chloroquine*,"Comprimé: 100 mg; 150 mg (sous forme de phosphate ou desulfate).Forme buvable: 50 mg (sous forme de phosphate ou desulfate)/5 ml.* A nʹutiliser que pour le traitement de l’infection à P.vivax."
doxycycline*,"Capsule: 100 mg (sous forme de chlorhydrate ou dʹhyclate).Comprimé (dispersible): 100 mg (sous forme monohydratée).* A nʹutiliser quʹen association avec la quinine."
méfloquine *,"Comprimé: 250 mg (sous forme de chlorhydrate).* A utiliser en association avec lʹartésunate 50 mg."
"Comprimé: 20 mg + 120 mg.Comprimé (dispersible): 20 mg + 120 mg [c].* Déconseillé pendant le premier trimestre de la grossesse etchez lʹenfant de moins de 5 kg."
"[c"
"Comprimé: 50 mg.Forme rectale: capsules de 50 mg [c]; 200 mg (pour letraitement du paludisme grave avant transfert uniquement; lesmalades doivent être emmenés dans un centre de santéapproprié pour les soins de suivi) [c].Solution injectable: ampoules contenant 60 mg dʹacideartésunique anhydre, avec une ampoule séparée de solution debicarbonate de sodium à 5%. A utiliser dans la prise en chargedu paludisme grave.* A utiliser en association avec lʹamodiaquine, la méfloquine oula sulfadoxine + pyriméthamine."
c]
"Comprimé: 50 mg.Forme rectale: capsules de 50 mg [c]; 200 mg (pour letraitement du paludisme grave avant transfert uniquement; lesmalades doivent être emmenés dans un centre de santéapproprié pour les soins de suivi) [c].Solution injectable: ampoules contenant 60 mg dʹacideartésunique anhydre, avec une ampoule séparée de solution debicarbonate de sodium à 5%. A utiliser dans la prise en chargedu paludisme grave.* A utiliser en association avec lʹamodiaquine, la méfloquine oula sulfadoxine + pyriméthamine."
"[c"
quinine*,"Comprimé: 300 mg (sulfate de quinine) ou 300 mg (bisulfate dequinine).Solution injectable: 300 mg quinine (chlorhydrate)/ml enampoule de 2 ml.* A n’utiliser que pour la prise en charge du paludisme grave;doit être utilisée en association avec la doxycycline.",
sulfadoxine + pyriméthamine*,"Comprimé: 500 mg + 25 mg.* A nʹutiliser quʹen association avec lʹartésunate 50 mg.",
6.5.3.2 Prophylaxie,,
chloroquine*,"Comprimé: 150 mg (sous forme de phosphate ou sulfate).Forme buvable: 50 mg (sous forme de phosphate ousulfate)/5 ml.* A nʹutiliser qu’en Amérique centrale contre les infections àP.vivax.",
doxycycline a,"Forme solide pour voie orale: 100 mg (sous forme dechlorhydrate ou dʹhyclate).a > 8 ans.",
a,,
"",a,
méfloquine a,"Comprimé: 250 mg (sous forme de chlorhydrate).a > 5 kg ou > 3 mois.",
a,,
"",a,
proguanile*,"Comprimé: 100 mg (sous forme de chlorhydrate).* A n’utiliser qu’en association avec la chloroquine.",
6.5.4 Médicaments contre la pneumocystose et la toxoplasmose,,
pyriméthamine,Comprimé: 25 mg.,
sulfadiazine,Comprimé: 500 mg.,
sulfaméthoxazole + triméthoprime,"Comprimé: 100 mg + 20 mg; 400 mg + 80 mg [c].Forme buvable: 200 mg + 40 mg/5 ml [c].Solution injectable:80 mg + 16 mg/ml en ampoule de 5 ml;80 mg + 16 mg/ml en ampoule de 10 ml.",[c
"",[c],
Liste complémentaire,,
pentamidine,Comprimé: 200 mg; 300 mg (sous forme dʹisétionate).,
doxycycline a
a
"Forme solide pour voie orale: 100 mg (sous forme dechlorhydrate ou dʹhyclate).a > 8 ans."
a
méfloquine a
a
"Comprimé: 250 mg (sous forme de chlorhydrate).a > 5 kg ou > 3 mois."
a
"Comprimé: 100 mg + 20 mg; 400 mg + 80 mg [c].Forme buvable: 200 mg + 40 mg/5 ml [c].Solution injectable:80 mg + 16 mg/ml en ampoule de 5 ml;80 mg + 16 mg/ml en ampoule de 10 ml."
"[c]"
"Comprimé: 100 mg + 20 mg; 400 mg + 80 mg [c].Forme buvable: 200 mg + 40 mg/5 ml [c].Solution injectable:80 mg + 16 mg/ml en ampoule de 5 ml;80 mg + 16 mg/ml en ampoule de 10 ml.",[c
6.5.5 Trypanocides,,
6.5.5.1 Trypanosomiase africaine,,
Médicaments pour le traitement du premier stade de la trypanosomiase africaine,,
pentamidine*,"Poudre pour préparation injectable: 200 mg (sous formedʹisétionate) en flacon.* A utiliser pour le traitement de l’infection à Trypanosoma bruceigambiense.",
suramine sodique*,"Poudre pour préparation injectable: 1 g en flacon.* A utiliser exclusivement pour le traitement de la phase initialede lʹinfection à Trypanosoma brucei rhodesiense.",
Médicaments pour le traitement du deuxième stade de la trypanosomiase africaine,,
"éflornithine*","Solution injectable: 200 mg (chlorhydrate)/ml en flacon de100 ml.* A utiliser pour le traitement de l’infection à Trypanosoma bruceigambiense.",
mélarsoprol,"Solution injectable: 3,6%, en ampoule de 5 ml (180 mg deprincipe actif).",
nifurtimox*,"Comprimé: 120 mg.* A n’utiliser qu’en association avec l’éflornithine pour letraitement de l’infection à Trypanosoma brucei gambiense.",
Liste complémentaire [c],[c,
mélarsoprol,"Solution injectable: 3,6%, en ampoule de 5 ml (180 mg de principeactif).",
6.5.5.2 Trypanosomiase américaine,,
benznidazole,Comprimé: 100 mg.,
nifurtimox,Comprimé: 30 mg; 120 mg; 250 mg.,
7. ANTIMIGRAINEUX,,
7.1 Traitement de la crise,,
acide acétylsalicylique,Comprimé: 300 mg à 500 mg.,
ibuprofène [c],[c],Comprimé: 200 mg; 400 mg.
paracétamol,"Comprimé: 300 mg à 500 mg.Forme buvable: 125 mg/5 ml [c].",
"[c",,
7.2 Prophylaxie,,
Liste complémentaire [c],[c
ibuprofène [c],[c]
"Comprimé: 300 mg à 500 mg.Forme buvable: 125 mg/5 ml [c]."
"[c"
allopurinol [c],[c]
"8. ANTINEOPLASIQUES, IMMUNOSUPPRESSEURS ET MEDICAMENTS DES SOINSPALLIATIFS",,
8.1 Immunodépresseurs,,
Liste complémentaire,,
azathioprine,"Comprimé (sécable): 50 mg.Poudre pour préparation injectable: 100 mg (sous forme de sel desodium) en flacon.",
ciclosporine,"Capsule: 25 mg.Concentré pour préparation injectable: 50 mg/ml en ampoule de1 ml pour la transplantation d’organes.",
8.2 Cytotoxiques et médicaments adjuvants,,
Liste complémentaire,,
allopurinol [c],[c],Comprimé: 100 mg; 300 mg.
asparaginase,Poudre pour préparation injectable: 10 000 UI en flacon.,
bléomycine,"Poudre pour préparation injectable: 15 mg (sous forme de sulfate)en flacon.",
carboplatine,"Solution injectable: 50 mg/5 ml; 150 mg/15 ml; 450 mg/45 ml;600 mg/60 ml.",
chlorambucil,Comprimé: 2 mg.,
cyclophosphamide,"Comprimé: 25 mg.Poudre pour préparation injectable: 500 mg en flacon.",
cytarabine,Poudre pour préparation injectable: 100 mg en flacon.,
dacarbazine,Poudre pour préparation injectable: 100 mg en flacon.,
dactinomycine,Poudre pour préparation injectable: 500 microgrammes en flacon.,
daunorubicine,"Poudre pour préparation injectable: 50 mg (sous forme dechlorhydrate) en flacon.",
docétaxel,Solution injectable: 20 mg/ml; 40 mg/ml.,
doxorubicine,"Poudre pour préparation injectable: 10 mg; 50 mg (chlorhydrate)en flacon.",
"étoposide","Capsule: 100 mg.Solution injectable: 20 mg/ml en ampoule de 5 ml.",
fluorouracil,Solution injectable: 50 mg/ml en ampoule de 5 ml.,
folinate de calcium,"Comprimé: 15 mg.Solution injectable: 3 mg/ml en ampoule de 10 ml.",
hydroxycarbamide,"Forme solide pour voie orale: 200 mg; 250 mg; 300 mg; 400 mg;500 mg; 1 g.",
ifosfamide,Poudre pour préparation injectable: 1 g en flacon; 2 g en flacon.,
mercaptopurine,Comprimé: 50 mg.,
mesna,"Comprimé: 400 mg; 600 mg.Solution injectable: 100 mg/ml en ampoules de 4 ml et de 10 ml.",
méthotrexate,"Comprimé: 2,5 mg (sous forme de sel de sodium).Poudre pour préparation injectable: 50 mg (sous forme de sel desodium) en flacon.",
paclitaxel,Poudre pour préparation injectable: 6 mg/ml.,
procarbazine,Capsule: 50 mg (sous forme de chlorhydrate).,
thioguanine [c],[c],Forme solide pour voie orale: 40 mg.
vinblastine,Poudre pour préparation injectable: 10 mg (sulfate) en flacon.,
vincristine,Poudre pour préparation injectable: 1 mg; 5 mg (sulfate) en flacon.,
8.3 Hormones et antihormones,,
Liste complémentaire,,
dexaméthasone,"Forme buvable: 2 mg/5 ml [c].Solution injectable: 4 mg/ml en ampoule de 1 ml (sous forme de selde phosphate disodique).",[c]
hydrocortisone,"Poudre pour préparation injectable: 100 mg (sous forme desuccinate sodique) en flacon.",
méthylprednisolone [c],"Solution injectable: 40 mg/ml (sous forme de succinate sodique) enflacon unidose de 1 ml et en flacon multidose de 5 ml; 80 mg/ml (sousforme de succinate sodique) en flacon unidose de 1 ml.",
"",[c,
prednisolone,"Comprimé: 5 mg; 25 mg.Forme buvable: 5 mg/ml [c].",
"",,[c]
tamoxifène,Comprimé: 10 mg; 20 mg (sous forme de citrate).,
8.4 Médicaments des soins palliatifs,,
"Le Comité OMS d’Experts reconnaît l’importance de faire figurer des médicaments spécifiques dans lasection consacrée aux soins palliatifs. Certains médicaments utilisés dans les soins palliatifs figurent dans lasection de la liste modèle correspondant à leur usage thérapeutique, par exemple les analgésiques. Lesdirectives sur les soins palliatifs mentionnées dans la précédente édition de la liste doivent être mises àjour. Le Comité prévoit que des demandes en vue de l’inscription des médicaments nécessaires pour lessoins palliatifs lui seront présentées pour la prochaine réunion.",,
amitriptyline [c],[c],Comprimé: 10 mg; 25 mg.
bromhydrate d’hyoscine [c],"Dispositif transdermique: 1 mg/72 heures.Solution injectable: 400 microgrammes/ml;600 microgrammes/ml.",
"[c]",,
thioguanine [c],[c]
"Forme buvable: 2 mg/5 ml [c].Solution injectable: 4 mg/ml en ampoule de 1 ml (sous forme de selde phosphate disodique).",[c]
méthylprednisolone [c]
"[c"
"Comprimé: 5 mg; 25 mg.Forme buvable: 5 mg/ml [c]."
"[c]"
amitriptyline [c],[c]
bromhydrate d’hyoscine [c]
"[c]"
"[c]"
dexaméthasone [c]
c
diazépam [c]
c
docusate sodique [c]
"[c"
fluoxétine a [c]
a
"Forme solide pour voie orale: 20 mg (sous forme dechlorhydrate).a > 8 ans."
a
ibuprofène a [c]
a
"Comprimé: 200 mg; 400 mg; 600 mg.Forme buvable: 200 mg/5 ml.a Pas chez l’enfant de moins de 3 mois."
a
lactulose [c],[c]
dexaméthasone [c],"Comprimé: 2 mg.Solution injectable: 4 mg/ml en ampoule de 1 ml (sous formede sel de phosphate disodique).",
"",c,
diazépam [c],"Comprimé: 5 mg; 10 mg.Forme buvable: 2 mg/5 ml.Solution rectale: 2,5 mg; 5 mg; 10 mg.Solution injectable: 5 mg/ml.",
"",c,
docusate sodique [c],"Capsule: 100 mg.Forme buvable: 50 mg/5 ml.",
"",[c,
fluoxétine a [c],"Forme solide pour voie orale: 20 mg (sous forme dechlorhydrate).a > 8 ans.",
"",a,
"",,a
ibuprofène a [c],"Comprimé: 200 mg; 400 mg; 600 mg.Forme buvable: 200 mg/5 ml.a Pas chez l’enfant de moins de 3 mois.",
"",a,
"",,a
lactulose [c],[c],Forme buvable: 3.1‐3.7 g/5 ml.
midazolam [c],[c],Solution injectable: 1 mg/ml; 5 mg/ml.
morphine [c],"Comprimé (à libération contrôlée): 10 mg; 30 mg; 60 mg.Comprimé (à libération immédiate): 10 mg.Forme buvable: 10 mg/5 ml.Granulés (à libération modifiée) (à mélanger avec de l’eau):20 mg; 30 mg; 60 mg; 100 mg; 200 mg.Solution injectable: 10 mg/ml.",
"",c,
ondansétron[c],"Forme buvable: 4 mg de base/5 ml.Forme solide pour voie orale: Eq 4 mg de base; Eq 8 mg debase.Solution injectable: 2 mg de base/ml en ampoule de 2 ml (sousforme de chlorhydrate).a > 1 mois.",
"",[c],
"",,a
senna [c],c],"Forme buvable: 7,5 mg/5 ml."
9. ANTIPARKINSONIENS,,
bipéridène,"Comprimé: 2 mg (chlorhydrate).Solution injectable: 5 mg (lactate) en ampoule de 1 ml.",
lévodopa +carbidopa,Comprimé: 100 mg + 10 mg; 250 mg + 25 mg.,
10. MEDICAMENTS UTILISES EN HEMATOLOGIE,,
10.1 Antianémiques,,
midazolam [c],[c]
morphine [c]
c
ondansétron[c]
"[c]"
"Forme buvable: 4 mg de base/5 ml.Forme solide pour voie orale: Eq 4 mg de base; Eq 8 mg debase.Solution injectable: 2 mg de base/ml en ampoule de 2 ml (sousforme de chlorhydrate).a > 1 mois."
a
senna [c],c]
hydroxocobalamine,"Solution injectable: 1 mg (sous forme dʹacétate, de chlorhydrateou de sulfate) en ampoule de 1 ml."
sels ferreux,"Comprimé: correspondant à 60 mg de fer.Forme buvable: correspondant à 25 mg de fer (sous forme desulfate)/ml."
sels ferreux + acide folique,"Comprimé correspondant à 60 mg de fer + 400 microgrammesd’acide folique.(Complément nutritionnel indiqué pendant la grossesse)."
10.2 Médicaments de l’hémostase,
acide tranexamique,Solution injectable: 100 mg/ml en ampoule de 10 ml.
héparine sodique,"Solution injectable: 1000 UI/ml; 5000 UI/ml; 20 000 UI/ml enampoule de 1 ml."
phytoménadione,"Comprimé: 10 mg.Solution injectable: 1 mg/ml [c]; 10 mg/ml en ampoule de5 ml."
"",[c
sulfate de protamine,Solution injectable: 10 mg/ml en ampoule de 5 ml.
warfarine,Comprimé: 1 mg; 2 mg; 5 mg (sel de sodium).
Liste complémentaire [c],[c
héparine sodique,Solution injectable: 1000 UI/ml; 5000 UI/ml en ampoule de 1 ml.
sulfate de protamine,Solution injectable: 10 mg/ml en ampoule de 5 ml.
warfarine,"Comprimé: 0,5 mg; 1 mg; 2 mg; 5 mg (sel de sodium)."
10.3 Autres médicaments pour le traitement des hémoglobinopathies,
Liste complémentaire,
déféroxamine*,"Poudre pour préparation injectable: 500 mg (mésylate) enampoule.* Le Déférasirox sous forme orale peut être une alternative selon ladisponibilité et le coût."
hydroxycarbamide,Forme solide pour voie orale: 200 mg; 500 mg; 1 g.
11. PRODUITS SANGUINS ET SUBSTITUTS DU PLASMA,
11.1 Substituts du plasma,
dextran 70*,"Solution injectable: 6%.* La polygéline en solution injectable à 3,5% est considéréecomme équivalente."
11.2 Fractions plasmatiques pour indications particulières,
"Toutes les fractions plasmatiques doivent satisfaire aux normes de l’OMS relatives à la collecte, autraitement et au contrôle de qualité du sang, de ses constituants et des dérivés du plasma (révision 1992).(OMS, Série de Rapports techniques, N° 840, 1994, annexe 2).",
"Comprimé: 10 mg.Solution injectable: 1 mg/ml [c]; 10 mg/ml en ampoule de5 ml."
"[c"
Liste complémentaire [c],[c
Liste complémentaire,
concentré de facteur VIII,Desséché.
"concentré de complexe de facteurIX (facteurs de coagulation, II, VII,IX, X)",Desséché.
"immunoglobulines humainesnormales","Administration intramusculaire: solution de protéines 16%.*Administration intraveineuse: solution de protéines 5%, 10%.**Administration sous‐cutanée: solution de protéines 15%; 16%.**   Indiquées en cas de déficit immunitaire primaire.** Indiquées en cas de déficit immunitaire primaire et de maladie deKawasaki."
12. MEDICAMENTS UTILISES EN CARDIO-ANGEIOLOGIE,
12.1 Antiangoreux,
bisoprolol*,"Comprimé: 1,25 mg; 5 mg.* Le symbole carré inclut le métoprolol et le carvédilol commealternatives."
dinitrate dʹisosorbide,Comprimé (sublingual): 5 mg.
trinitrate de glycéryle,Comprimé (sublingual): 500 microgrammes.
vérapamil,Comprimé: 40 mg; 80 mg (chlorhydrate).
12.2 Antiarythmiques,
bisoprolol*,"Comprimé: 1,25 mg; 5 mg.* Le symbole carré inclut le métoprolol et le carvédilol commealternatives."
digoxine,"Comprimé: 62,5 microgrammes; 250 microgrammes.Forme buvable: 50 microgrammes/ml.Solution injectable: 250 microgrammes/ml en ampoule de 2 ml."
"épinéphrine (adrénaline)","Solution injectable: 100 microgrammes/ml (sous forme dʹacidetartrate ou de chlorhydrate) en ampoule de 10 ml."
lidocaïne,"Solution injectable: 20 mg (chlorhydrate)/ml en ampoule de5 ml."
vérapamil,"Comprimé: 40 mg; 80 mg (chlorhydrate).Solution injectable: 2,5 mg (chlorhydrate)/ml en ampoule de2 ml."
Liste complémentaire,
amiodarone,"Comprimé: 100 mg; 200 mg; 400 mg (chlorhydrate).Solution injectable: 50 mg/ml en ampoule de 3 ml (chlorhydrate)."
12.3 Antihypertenseurs,
amlodipine,"Comprimé: 5 mg (sous forme de maélate, mésylate ou bésylate)."
bisoprolol*,"Comprimé: 1,25 mg; 5 mg.* Le symbole carré inclut le métoprolol et le carvédilol commealternatives."
"énalapril","Comprimé: 2,5 mg; 5 mg (sous forme dʹhydrogénomaléate)."
hydralazine*,"Comprimé: 25 mg; 50 mg (chlorhydrate).Poudre pour préparation injectable: 20 mg (chlorhydrate) enampoule.* Lʹhydralazine ne figure dans la liste que pour la prise encharge en urgence de l’hypertension gravidique sévère. Ellen’est pas recommandée dans le traitement de l’hypertensionessentielle, étant donné qu’il existe d’autres médicaments dontl’efficacité et l’innocuité sont mieux connues."
hydrochlorothiazide,"Forme buvable: 50 mg/5 ml.Forme solide pour voie orale: 12,5 mg; 25 mg."
méthyldopa*,"Comprimé: 250 mg.* Le méthyldopa ne figure dans la liste que pour la prise encharge de l’hypertension gravidique. Il n’est pas recommandédans le traitement de l’hypertension essentielle, étant donnéqu’il existe d’autres médicaments dont l’efficacité et l’innocuitésont mieux connues."
Liste complémentaire,
nitroprussiate de sodium,Poudre pour solution de perfusion: 50 mg en ampoule.
12.4 Médicaments de l'insuffisance cardiaque,
bisoprolol*,"Comprimé: 1,25 mg; 5 mg.* Le symbole carré inclut le métoprolol et le carvédilol commealternatives."
digoxine,"Comprimé: 62,5 microgrammes; 250 microgrammes.Forme buvable: 50 microgrammes/ml.Solution injectable: 250 microgrammes/ml en ampoule de 2 ml."
"énalapril","Comprimé: 2,5 mg; 5 mg (sous forme dʹhydrogénomaléate)."
furosémide,"Comprimé: 40 mg.Forme buvable: 20 mg/5 ml [c].Solution injectable: 10 mg/ml en ampoule de 2 ml."
"[c]",
"Comprimé: 40 mg.Forme buvable: 20 mg/5 ml [c].Solution injectable: 10 mg/ml en ampoule de 2 ml."
"[c]"
Liste complémentaire,
dopamine,Solution injectable: 40 mg (chlorhydrate) en flacon de 5 ml.
12.5 Antithrombotiques,
acide acétylsalicylique,Comprimé: 100 mg.
Liste complémentaire,
streptokinase,"Poudre pour préparation injectable: 1,5 million UI en flacon."
12.6 Hypolipémiants,
simvastatine*,"Comprimé: 5 mg; 10 mg; 20 mg; 40 mg.* Pour les patients à haut risque."
13. MEDICAMENTS UTILISES EN DERMATOLOGIE (topiques),
13.1 Antifongiques,
miconazole,Crème ou pommade: 2% (nitrate).
sulfure de sélénium,Suspension à base détergente: 2%.
terbinafine,Crème: 1% ou Pommade: 1% de chlorhydrate de terbinafine.
thiosulfate de sodium,Solution: 15%.
13.2 Anti-infectieux,
mupirocine,"Crème (sous forme de mupirocine calcique): 2%.Pommade: 2%."
permanganate de potassium,Solution aqueuse: 1:10 000.
sulfadiazine argentique a,"Crème: 1%.a > 2 mois."
"",a
"",a
13.3 Anti-inflammatoires et antiprurigineux,
bétaméthasone a,"Crème ou pommade: 0,1% (sous forme de valérate).a Privilégier l’hydrocortisone chez le nouveau-né."
a,
"",a
calamine,Lotion.
hydrocortisone,Crème ou pommade: 1% (acétate).
13.4 Médicaments de la différenciation et de la prolifération cutanées,
acide salicylique,Solution: 5%.
dithranol*,"Pommade: 0,1% à 2%.* Le Comité dʹExperts a demandé un examen comparé delʹefficacité et de la sécurité, en vue de l’éventuelle suppressionde ce médicament lors de sa prochaine réunion."
fluorouracil,Pommade: 5%.
sulfadiazine argentique a
a
"Crème: 1%.a > 2 mois."
a
bétaméthasone a
a
"Crème ou pommade: 0,1% (sous forme de valérate).a Privilégier l’hydrocortisone chez le nouveau-né."
a
peroxyde de benzoyle,Crème ou lotion: 5%.,
résine de podophylle,Solution: 10% à 25%.,
urée,Crème ou pommade: 5%; 10%.,
13.5 Scabicides et pédiculicides,,
benzoate de benzyle a,"Lotion: 25%.a >2 ans.",
a,,
"",,a
perméthrine,"Crème: 5%.Lotion: 1%.",
14. PRODUITS DE DIAGNOSTIC,,
14.1 En ophtalmologie,,
fluorescéine,Collyre: 1% (sel de sodium).,
tropicamide,"Collyre: 0,5%.",
14.2 Produits de contraste,,
amidotrizoate,"Solution injectable: 140 mg à 420 mg d’iode (sous forme desodium ou de sel de méglumine)/ml en ampoule de 20 ml.",
iohexol,"Solution injectable: 140 mg à 350 mg d’iode/ml en ampoules de5 ml; 10 ml; 20 ml.",
sulfate de baryum,Suspension aqueuse.,
Liste complémentaire,,
iotroxate de méglumine,Solution: 5 g à 8 g d’iode dans 100 ml à 250 ml.,
sulfate de baryum [c],c],Suspension aqueuse.
15. DESINFECTANTS ET ANTISEPTIQUES,,
15.1 Antiseptiques,,
chlorhexidine,"Solution: 5% (digluconate); 20% (digluconate) (à diluer avantusage pour les soins du cordon) [c].",
"",[c],
"éthanol",Solution: 70% (dénaturé).,
polyvidone iodée,Solution à 10% (soit 1% d’iode disponible).,
15.2 Désinfectants,,
composé chloré,"Poudre: (0,1% de chlore actif) pour solution.",
chloroxylénol,"Solution: 4,8%.",
glutaral,Solution: 2%.,
16. DIURETIQUES,,
benzoate de benzyle a
a
"Lotion: 25%.a >2 ans."
a
sulfate de baryum [c],c]
"Solution: 5% (digluconate); 20% (digluconate) (à diluer avantusage pour les soins du cordon) [c]."
"[c]"
"Comprimé: 10 mg [c]; 20 mg [c]; 40 mg.Forme buvable: 20 mg/5 ml [c].Solution injectable: 10 mg/ml en ampoule de 2 ml."
"[c]"
Liste complémentaire [c],[c
Liste complémentaire [c],[c
furosémide,"Comprimé: 10 mg [c]; 20 mg [c]; 40 mg.Forme buvable: 20 mg/5 ml [c].Solution injectable: 10 mg/ml en ampoule de 2 ml.",[c,[c
"",[c],,
hydrochlorothiazide,Forme solide pour voie orale: 25 mg.,,
mannitol,Solution injectable: 10%; 20%.,,
spironolactone,Comprimé: 25 mg.,,
Liste complémentaire [c],[c,,
hydrochlorothiazide,Comprimé (sécable): 25 mg.,,
mannitol,Solution injectable: 10%; 20%.,,
spironolactone,"Comprimé: 25 mg.Forme buvable: 5 mg/5 ml; 10 mg/5 ml; 25 mg/5 ml.",,
17. MEDICAMENTS INDIQUES EN GASTROENTEROLOGIE,,,
Liste complémentaire [c],[c,,
enzymes pancréatiques,"Formulations et doses adaptées à l’âge, notamment pour la lipose, laprotéase et l’amylase.",,
17.1 Antiulcéreux,,,
oméprazole,"Forme solide pour voie orale: 10 mg; 20 mg; 40 mg.Poudre pour forme buvable: sachets de 20 mg; 40 mg.",,
ranitidine*,"Comprimé: 150 mg (sous forme de chlorhydrate).Forme buvable: 75 mg/5 ml (sous forme de chlorhydrate).Solution injectable: 25 mg/ml (sous forme de chlorhydrate) enampoule de 2 ml.* Le Comité dʹExperts a demandé un examen comparé delʹefficacité et de la sécurité, en vue de l’éventuelle suppressionde cette catégorie de médicament lors de sa prochaine réunion.",,
17.2 Antiémétiques,,,
dexaméthasone,"Forme buvable: 0,5 mg/5 ml; 2 mg/5 ml.Forme solide pour voie orale: 0,5 mg; 0,75 mg; 1,5 mg; 4 mg.Solution injectable: 4 mg/ml en ampoule de 1 ml (sous formede sel de phosphate disodique).",,
"[c]"
a
a
ondansétron a
a
ondansétron a,"Forme buvable: 4 mg de base/5 ml.Forme solide pour voie orale: Eq 4 mg de base; Eq 8 mg debase; Eq 24 mg de base.Solution injectable: 2 mg de base/ml en ampoule de 2 ml (sousforme de chlorhydrate).a > 1 mois."
a,
"",a
17.3 Anti-inflammatoires,
sulfasalazine,"Comprimé: 500 mg.Lavement à garder.Suppositoire: 500 mg."
Liste complémentaire,
hydrocortisone,"Lavement à garder.Suppositoire: 25 mg (acétate).(le symbole carré ne sʹapplique quʹà lʹhydrocortisone enlavement à garder)."
17.4 Laxatifs,
séné,"Comprimé: 7,5 mg (sénnosides) (ou formes pharmaceutiquestraditionnelles)."
17.5 Antidiarrhéiques,
17.5.1 Réhydratation orale,
sels de réhydratation orale,"glucose:75 mEqsodium:75 mEq ou mmol/Lchlorure:65 mEq ou mmol/Lpotassium:20 mEq ou mmol/Lcitrate:10 mmol/Losmolarité:245 mOsm/Lglucose:13,5 g/Lchlorure de sodium:2,6 g/Lchlorure de potassium:1,5 g/Lcitrate trisodique dihydraté+:2,9 g/L+ Le citrate trisodique dihydraté peut être remplacé parl’hydrogénocarbonate de sodium (bicarbonate de sodium), 2,5g/L. Toutefois, la stabilité de cette dernière préparation étant trèsmédiocre sous climat tropical, elle ne peut être recommandéeque pour un usage immédiat.Poudre à diluer dans 200 ml; 500 ml; 1 L."
17.5.2 Antidiarrhéiques à usage pédiatrique,
"Forme buvable: 4 mg de base/5 ml.Forme solide pour voie orale: Eq 4 mg de base; Eq 8 mg debase; Eq 24 mg de base.Solution injectable: 2 mg de base/ml en ampoule de 2 ml (sousforme de chlorhydrate).a > 1 mois."
a
"18. HORMONES, AUTRES MEDICAMENTS INDIQUES EN ENDOCRINOLOGIE ETCONTRACEPTIFS",
18.1 Hormones surrénaliennes et corticoïdes de synthèse,
fludrocortisone,Comprimé: 100 microgrammes (acétate).
hydrocortisone,Comprimé: 5 mg; 10 mg; 20 mg.
18.2 Androgènes,
Liste complémentaire,
testostérone,Solution injectable: 200 mg (énanthate) en ampoule de 1 ml.
18.3 Contraceptifs,
18.3.1 Contraceptifs hormonaux oraux,
"éthinylestradiol +lévonorgestrel",Comprimé: 30 microgrammes + 150 microgrammes.
"éthinylestradiol +noréthistérone",Comprimé: 35 microgrammes + 1 mg.
lévonorgestrel,"Comprimé: 30 microgrammes; 750 microgrammes (conditionnépar deux); 1,5 mg."
18.3.2 Contraceptifs hormonaux injectables,
acétate de médroxyprogestérone,Solution injectable retard: 150 mg/ml en flacon de 1 ml.
"acétate de médroxyprogestérone +cypionate dʹestradiol",Solution injectable: 25 mg + 5 mg.
"énantate de noréthistérone",Solution huileuse: 200 mg/ml en ampoule de 1 ml.
18.3.3 Dispositifs intra-utérins,
dispositif cuprocontraceptif,
18.3.4 Contraception locale,
diaphragme,
préservatif masculin,
18.3.5 Contraceptifs implantables,
implant libérant du lévonorgestrel,"Implant libérant du lévonorgestrel constitué de deux bâtonnets,chaque bâtonnet contenant 75 mg de lévonorgestrel (150 mg autotal)."
18.4 Estrogènes,
18.5 Insulines et autres antidiabétiques,
glibenclamide,"Comprimé: 2,5 mg; 5 mg."
glucagon,Solution injectable: 1 mg/ml.
insuline dʹaction intermédiaire,"Solution injectable: 40 UI/ml en flacon de 10 ml; 100 UI/ml enflacon de 10 ml (sous forme dʹun complexe dʹinsuline zinc ensuspension ou dʹinsuline isophane)."
insuline injectable (soluble),"Solution injectable: 40 UI/ml en flacon de 10 ml; 100 UI/ml enflacon de 10 ml."
Liste complémentaire [c],[c
metformine,Comprimé: 500 mg (chlorhydrate).,
Liste complémentaire [c],[c,
metformine,Comprimé: 500 mg (chlorhydrate).,
18.6 Inducteurs de l’ovulation,,
Liste complémentaire,,
clomifène,Comprimé: 50 mg (citrate).,
18.7 Progestatifs,,
acétate de médroxyprogestérone,Comprimé: 5 mg.,
18.8 Hormones thyroïdiennes et antithyroïdiens,,
iodure de potassium,Comprimé: 60 mg.,
lévothyroxine,"Comprimé: 25 microgrammes [c]; 50 microgrammes;100 microgrammes (sel de sodium).",[c]
propylthiouracil,Comprimé: 50 mg.,
Liste complémentaire [c],[c,
iodure de potassium,Comprimé: 60 mg.,
propylthiouracil,Comprimé: 50 mg.,
solution de Lugol,Forme buvable: environ 130 mg d’iode total/ml.,
19. PREPARATIONS POUR L’IMMUNOLOGIE,,
19.1 Produits de diagnostic,,
"Toutes les tuberculines doivent être conformes aux normes de l’OMS relatives aux tuberculines (révision1985). Comité OMS d’Experts de la Standardisation biologique, trente‐sixième rapport (OMS, Série deRapports techniques, N° 745, 1987, annexe 1).",,
"tuberculine, dérivé protéiniquepurifié (PPD)",Solution injectable.,
19.2 Sérums et immunoglobulines,,
"Toutes les fractions plasmatiques doivent être conformes aux normes de l’OMS relatives à la collecte, autraitement et au contrôle de qualité du sang, de ses constituants et des dérivés du plasma (Révision 1992).Comité OMS d’Experts de la Standardisation biologique, quarante‐troisième rapport (OMS, Série deRapports techniques, N° 840, 1994, annexe 2).",,
antitoxine diphtérique,Solution injectable: 10 000 UI; 20 000 UI en flacon.,
immunoglobulines antirabiques,Solution injectable: 150 UI/ml en flacon.,
immunoglobulines antivenimeuses *,"Solution injectable.* Le type exact doit être défini localement.",
immunoglobulines humaines anti‐D,Solution injectable: 250 microgrammes en flacon unidose.,
"Comprimé: 25 microgrammes [c]; 50 microgrammes;100 microgrammes (sel de sodium).",[c]
Liste complémentaire [c],[c
19.3 Vaccins,
"Le choix des vaccins à partir de la liste modèle devra être établi par chaque pays en tenant compte desrecommandations internationales, des données épidémiologiques et des priorités nationales. La liste ci‐dessous indique les vaccins pour lesquels il existe une recommandation du Strategic Advisory Group ofExperts on Immunization (SAGE) (http://www.who.int/immunization/sage conclusions/en/index.html)et/ouunenotedesynthèsedel’OMS(http://www.who.int/immunization/documents/positionpapers/en/index.html). Ce site est mis à jour à mesure de la publication de nouvelles notes de synthèse etcontient les informations et recommandations les plus récentes.Tous les vaccins doivent être conformes aux normes de l’OMS pour les substances biologiques.",
vaccin antiamaril,
vaccin anticholérique,
vaccin anticoquelucheux,
vaccin antidiphtérique,
vaccin antiencéphalite japonaise,
vaccin antigrippal,
"vaccin anti‐Haemophilus influenzaetype b",
vaccin anti‐hépatite A,
vaccin anti‐hépatite B,
vaccin antiméningococcique,
vaccin antiourlien,
vaccin antipneumococcique,
vaccin antipoliomyélitique,
vaccin antirabique,
vaccin antirotavirus,
vaccin antirougeoleux,
vaccin antirubéoleux,
vaccin antitétanique,
vaccin antityphoïdique,
vaccin antivaricelleux,
vaccin par le BCG,
"20. MYORELAXANTS (PERIPHERIQUES) ET INHIBITEURS DE LA CHOLINESTERASELe Comité dʹExperts a demandé lʹexamen de cette section lors de sa prochaine réunion.",
atracurium,Solution injectable: 10 mg/ml (bésylate).
néostigmine,"Comprimé: 15 mg (bromure).Solution injectable: 500 microgrammes en ampoule de 1 ml;2,5 mg (méthylsulfate) en ampoule de 1 ml."
"",suxaméthonium,"Poudre pour préparation injectable (chlorure) en flacon.Solution injectable: 50 mg (chlorure)/ml en ampoule de 2 ml.",
"",vécuronium [c],[c],Poudre pour préparation injectable: 10 mg (bromure) en flacon.
"",Liste complémentaire,,
"",pyridostigmine,"Comprimé: 60 mg (bromure).Solution injectable: 1 mg en ampoule de 1 ml.",
"",vécuronium,Poudre pour préparation injectable: 10 mg (bromure) en flacon.,
"",21. PREPARATIONS POUR L’OPHTALMOLOGIE,,
"",Cette section sera réexaminée lors de la prochaine réunion du Comité d’Experts.,,
"",21.1 Anti-infectieux,,
"",aciclovir,Pommade: 3% P/P.,
"",gentamicine,"Solution (collyre): 0,3% (sulfate).",
"",tétracycline,Pommade ophtalmique: 1% (chlorhydrate).,
"",21.2 Anti-inflammatoires,,
"",prednisolone,"Solution (collyre): 0,5% (phosphate de sodium).",
"",21.3 Anesthésiques locaux,,
"",tétracaïne a,"Solution (collyre): 0,5% (chlorhydrate).a Ne pas administrer chez le nouveau-né prématuré.",
"",a,,
"",,a,
"",21.4 Miotiques et antiglaucomateux,,
"",acétazolamide,Comprimé: 250 mg.,
"",pilocarpine,Solution (collyre): 2%; 4% (chlorhydrate ou nitrate).,
"",timolol,"Solution (collyre): 0,25%; 0,5% (sous forme dʹhydrogénomaléate).",
"",21.5 Mydriatiques,,
"",atropine* a,"Solution (collyre): 0,1%; 0,5%; 1% (sulfate).* [c] Ou homatropine (bromhydrate) ou cyclopentolate(chlorhydrate).a > 3 mois.",
"",,c,
"",a,,
"",,a,
"",Liste complémentaire,,
"",épinéphrine (adrénaline),Solution (collyre): 2% (sous forme de chlorhydrate).,
"",22. OCYTOCIQUES ET ANTIOCYTOCIQUES,,
"",22.1 Ocytociques,,
ergométrine,"Solution injectable: 200 microgrammes (hydrogénomaléate) enampoule de 1 ml.",,
vécuronium [c],[c]
tétracaïne a
a
"Solution (collyre): 0,5% (chlorhydrate).a Ne pas administrer chez le nouveau-né prématuré."
a
atropine* a
a
"Solution (collyre): 0,1%; 0,5%; 1% (sulfate).* [c] Ou homatropine (bromhydrate) ou cyclopentolate(chlorhydrate).a > 3 mois."
a
"Solution (collyre): 0,1%; 0,5%; 1% (sulfate).* [c] Ou homatropine (bromhydrate) ou cyclopentolate(chlorhydrate).a > 3 mois."
c
"mifépristone* – misoprostol*Si autorisé par les loisnationales et culturellementacceptable."
"Si autorisé par les loisnationales et culturellementacceptable."
Liste complémentaire [c],[c
misoprostol,"Comprimé: 200 microgrammes.** Pour la prise en charge de lʹavortement incomplet et de la fausse‐couche et pour la prévention de lʹhémorragie du post‐partumlorsque l’on ne dispose pas d’ocytocine ou qu’elle ne peut êtreutilisée sans risques.Comprimé vaginal: 25 microgrammes.** N’est utilisé pour déclencher le travail qui si l’on dispose desinstallations voulues."
oxytocine,Solution injectable: 10 UI en 1 ml.
Liste complémentaire,
"mifépristone* – misoprostol*Si autorisé par les loisnationales et culturellementacceptable.","Comprimé 200 mg – Comprimé 200 microgrammes.* Exige une surveillance médicale attentive."
"Si autorisé par les loisnationales et culturellementacceptable.",
22.2 Antiocytociques (tocolytiques),
nifédipine,Capsule à libération immédiate: 10 mg.
23. SOLUTIONS POUR DIALYSE PERITONEALE,
Liste complémentaire,
"solution pour dialyse péritonéale(de composition appropriée)",Solution pour voie parentérale.
24. MEDICAMENTS DES DESORDRES MENTAUX ET COMPORTEMENTAUX,
24.1 Antipsychotiques,
chlorpromazine,"Comprimé: 100 mg (chlorhydrate).Forme buvable: 25 mg (chlorhydrate)/5 ml.Solution injectable: 25 mg (chlorhydrate)/ml en ampoule de 2 ml."
fluphénazine,"Solution injectable: 25 mg (décanoate ou énantate) en ampoule de1 ml."
halopéridol,"Comprimé: 2 mg; 5 mg.Solution injectable: 5 mg en ampoule de 1 ml."
Liste complémentaire [c],[c
Liste complémentaire [c],[c
fluoxétine a
a
halopéridol,"Forme buvable: 2 mg/ml.Forme solide pour voie orale: 0,5 mg; 2 mg; 5 mg.Solution injectable: 5 mg en ampoule de 1 ml."
24.2 Médicaments des troubles de l’humeur,
24.2.1 Antidépresseurs,
amitriptyline,Comprimé: 25 mg (chlorhydrate).
fluoxétine,"Forme solide pour voie orale: 20 mg (sous forme dechlorhydrate)."
Liste complémentaire [c],[c
fluoxétine a,"Forme solide pour voie orale: 20 mg (sous forme de chlorhydrate).a > 8 ans."
a,
"",a
24.2.2 Normothymiques,
"acide valproïque (valproate desodium)","Comprimé (gastrorésistant): 200 mg; 500 mg (valproate desodium)."
carbamazépine,Comprimé (sécable): 100 mg; 200 mg.
carbonate de lithium,Forme solide pour voie orale: 300 mg.
24.3 Anxiolytiques,
diazépam,Comprimé (sécable): 2 mg; 5 mg.
24.4 Médicaments des troubles obsessionnels compulsifs,
clomipramine,Capsule: 10 mg; 25 mg (chlorhydrate).
24.5 Médicaments des troubles liés à l'usage de substances psychoactives,
"traitement de substitution nicotinique(TSN)","Chewing gum: 2 mg; 4 mg (sous forme de polacrilex).Dispositif transdermique: 5 mg à 30 mg/16 heures; 7 mg à21 mg/24 heures."
Liste complémentaire,
méthadone*,"Concentré pour forme buvable: 5 mg/ml; 10 mg/ml (chlorhydrate).Forme buvable: 5 mg/5 ml; 10 mg/5 ml (chlorhydrate).* Le symbole carré est destiné à inclure la buprénorphine. Cesmédicaments ne seront utilisés que dans le cadre d’un programme deprise en charge codifiée."
25. MEDICAMENTS INDIQUES EN PNEUMOLOGIE,
"25.1 Antiasthmatiques et traitement des bronchopneumopathies chroniquesobstructives",
béclométasone,"Solution pour inhalation (aérosol): 50 microgrammes(dipropionate) par dose; 100 microgrammes (dipropionate) pardose (formes exemptes de CFC)."
"Forme solide pour voie orale: 20 mg (sous forme de chlorhydrate).a > 8 ans."
a
budésonide [c],"Solution pour inhalation (aérosol): 100 microgrammes par dose;200 microgrammes par dose."
"[c]",
"épinéphrine (adrénaline)","Solution injectable: 1 mg (sous forme de chlorhydrate oudʹhydrogénotartrate) en ampoule de 1 ml."
salbutamol,"Inhalateur doseur (aérosol): 100 microgrammes (sous forme desulfate) par dose.Solution injectable: 50 microgrammes (sous forme de sulfate)/mlen ampoule de 5 ml.Solution pour inhalation (aérosol): 100 microgrammes (sousforme de sulfate) par dose.Solution pour nébuliseur: 5 mg (sous forme de sulfate)/ml."
26. CORRECTION DES TROUBLES HYDRO-ELECTROLYTIQUES ET ACIDO-BASIQUES,
26.1 Voie orale,
chlorure de potassium,Poudre pour solution.
sels de réhydratation orale,Voir section 17.5.1.
26.2 Voie parentérale,
chlorure de potassium,"Solution: 11,2% en ampoule de 20 ml(correspondant à 1,5 mmol/ml de K+ et 1,5 mmol/ml de Cl‐).Solution à diluer: 7,5% (correspondant à K 1 mmol/ml et Cl1 mmol/ml) [c]; 15% (correspondant à K 2 mmol/ml et Cl2 mmol/ml) [c]."
"",[c]
"",[c]
chlorure de sodium,"Solution injectable: 0,9% isotonique (correspondant à 154 mmol/Lde Na+ et 154 mmol/L de Cl‐)."
glucose,"Solution injectable: 5% (isotonique); 10% (hypertonique);50% (hypertonique)."
glucose avec chlorure de sodium,"Solution injectable: 4% glucose, 0,18% chlorure de sodium(correspondant à 30 mmol/L de Na+ et 30 mmol/L de Cl‐).Solution injectable: 5% glucose, 0,9% chlorure de sodium(correspondant à 150 mmol/L de Na+ et 150 mmol/L de Cl‐);5% glucose, 0,45% chlorure de sodium (correspondant à75 mmol/L Na+ et 75 mmol/L Cl‐) [c]."
"",[c]
hydrogénocarbonate de sodium,"Solution: 8,4% en ampoule de 10 ml (correspondant à1000 mmol/L de Na+ et 1000 mmol/L de HCO3‐).Solution injectable: 1,4% isotonique (correspondant à 167 mmolde Na+/L et 167 mmol/L de HCO3‐)."
"lactate de sodium, solutioncomposée",Solution injectable.
26.3 Divers,
eau pour préparations injectables,En ampoules de 2 ml; 5 ml; 10 ml.
budésonide [c]
"[c]"
"Solution: 11,2% en ampoule de 20 ml(correspondant à 1,5 mmol/ml de K+ et 1,5 mmol/ml de Cl‐).Solution à diluer: 7,5% (correspondant à K 1 mmol/ml et Cl1 mmol/ml) [c]; 15% (correspondant à K 2 mmol/ml et Cl2 mmol/ml) [c]."
"[c]"
"[c]"
"Solution injectable: 4% glucose, 0,18% chlorure de sodium(correspondant à 30 mmol/L de Na+ et 30 mmol/L de Cl‐).Solution injectable: 5% glucose, 0,9% chlorure de sodium(correspondant à 150 mmol/L de Na+ et 150 mmol/L de Cl‐);5% glucose, 0,45% chlorure de sodium (correspondant à75 mmol/L Na+ et 75 mmol/L Cl‐) [c]."
"[c]"
cholécalciférol* [c]
"[c]"
xylométazoline a
a
27. VITAMINES ET ELEMENTS MINERAUX,
acide ascorbique,Comprimé: 50 mg.
cholécalciférol* [c],"Forme buvable: 400 UI/ml.Forme solide pour voie orale: 400 UI; 1000 UI.* Peut être remplacé par de l’ergocalciférol."
"[c]",
ergocalciférol,"Forme buvable: 250 microgrammes/ml (10 000 UI/ml).Forme solide pour voie orale: 1,25 mg (50 000 UI)."
fluorure de sodium,Nʹimporte quelle forme topique appropriée.
iodine,"Capsule: 200 mg.Huile iodée: 1 ml (480 mg dʹiode); 0,5 ml (240 mg dʹiode) enampoule (buvable ou injectable); 0,57 ml (308 mg dʹiode) en flacondistributeur."
nicotinamide,Comprimé: 50 mg.
pyridoxine,Comprimé: 25 mg (chlorhydrate).
rétinol,"Capsule: 50 000 UI; 100 000 UI; 200 000 UI (sous forme depalmitate).Comprimé (dragéifié): 10 000 UI (sous forme de palmitate).Solution buvable dans lʹhuile: 100 000 UI (sous forme depalmitate)/ml en flacon doseur.Solution injectable miscible dans lʹeau: 100 000 UI (sous formede palmitate) en ampoule de 2 ml."
riboflavine,Comprimé: 5 mg.
thiamine,Comprimé: 50 mg (chlorhydrate).
Liste complémentaire,
gluconate de calcium,Solution injectable: 100 mg/ml en ampoule de 10 ml.
"28. AFFECTIONS DE L’OREILLE, DU NEZ ET DE LA GORGE CHEZ L’ENFANT [c]",[c]
acide acétique,"Topique: 2%, dans l’alcool."
budésonide,Pulvérisation nasale: 100 microgrammes par dose.
ciprofloxacine,"Topique: gouttes à 0,3% (sous forme de chlorhydrate)."
xylométazoline a,"Pulvérisation nasale: 0,05%.a Ne pas utiliser chez l’enfant de moins de 3 mois."
a,
"",a
29. MEDICAMENTS PROPRES AUX SOINS NEONATALS [c],[c]
citrate de caféine,"Forme buvable: 20 mg/ml (correspondant à 10 mg de composé decaféine/ml).Solution injectable: 20 mg/ml (correspondant à 10 mg decomposé de caféine/ml)."
"28. AFFECTIONS DE L’OREILLE, DU NEZ ET DE LA GORGE CHEZ L’ENFANT [c]",[c]
"Pulvérisation nasale: 0,05%.a Ne pas utiliser chez l’enfant de moins de 3 mois."
a
29. MEDICAMENTS PROPRES AUX SOINS NEONATALS [c],[c]
Liste complémentaire,
ibuprofène,Solution injectable: 5 mg/ml.
prostaglandine E,"Solution injectable:Prostaglandine E1: 0,5 mg/ml dans l’alcool.Prostaglandine E2: 1 mg/ml."
surfactant,Suspension pour instillation intratrachéale: 25 mg/ml ou 80 mg/ml.
atazanavir,> 25 kg
atropine,> 3 mois
benzoate de benzyle,> 2 ans
bétaméthasone (préparations topiques),Privilégier l’hydrocortisone chez le nouveau‐né
céfazoline,> 1 mois
ceftriaxone,Age gestationnel corrigé> 41 semaines
chlorphénamine,> 1 an
diloxanide,> 25 kg
doxycycline,"> 8 ans (sauf en cas d’infections graves, par ex. choléra)"
"éfavirenz",> 3 ans ou >10 kg
emtricitabine,> 3 mois
fluoxétine,> 8 ans
ibuprofène,"> 3 mois (sauf la forme IV, pour les cas avérés de canal artériel)"
méfloquine,> 5 kg ou >3 mois
métoclopramide,Ne pas administrer chez le nouveau‐né
ondansétron,> 1 mois
saquinavir,> 25 kg
sulfadiazine argentique,> 2 mois
tétracaïne,Ne pas administrer chez le nouveau‐né prématuré
triméthoprime,> 6 mois
Terme,Définition
"Forme solide pour voieorale","Fait référence à des comprimés ou des capsules, ou à d’autres formessolides tels les « lyoc » qui sont des préparations à libération immédiate.Implique qu’il n’y a pas de différence au niveau de l’efficacité cliniqueou de l’innocuité entre les formes galéniques disponibles et il appartientdonc aux pays de choisir la(les) forme(s) qui devra(ont) figurer sur laliste en fonction de sa(leur) qualité et de sa(leur) disponibilité.Le terme « forme solide pour voie orale » ne vise jamais à désigner untype quelconque de comprimé à libération modifiée."
Comprimés,"Fait référence:•aux comprimés non enrobés ou enrobés (pelliculés ou dragéifiés) àavaler tels quels;•aux comprimés sécables et non sécables*;•aux comprimés à croquer;•aux comprimés dispersibles ou à dissoudre dans l’eau ou dans unautre liquide convenable avant d’être avalés;•aux comprimés à écraser avant d’avaler.Le terme (« comprimé ») sans qualificatif ne vise jamais à désigner untype quelconque de comprimé à libération modifiée."
Terme,Définition
Capsules (ou gélules),"Fait référence aux capsules dures et molles.Le terme « capsule » sans qualificatif ne vise jamais à désigner un typequelconque de capsule à libération modifiée."
Capsules (qualifiées),"Le terme « capsule » accompagné d’un qualificatif fait référence à desformes gastrorésistantes (ces capsules sont parfois appelées« entérosolubles » ou « à libération retard »), à libération prolongée ou àune autre forme de libération modifiée."
Granulés,"Préparations fournies aux malades sous forme de granulés à avaler sansautre préparation, à croquer ou à prendre dans ou avec de l’eau ou unautre liquide convenable.Le terme « granulés » sans autre qualificatif ne vise jamais à désigner untype quelconque de granulés à libération modifiée."
Poudre pour voie orale,"Préparations fournies aux patients sous forme de poudre (en général enmonodose) à prendre dans ou avec de l’eau ou un autre liquideconvenable."
Forme buvable,"Préparations liquides à avaler, à savoir solutions, suspensions, émulsionsou gouttes, y compris celles constituées de poudres ou de granulés, maispas les préparations destinées à une administration sur la muqueusebuccale, par exemple les gargarismes et les bains de bouche.Les formes buvables présentées sous forme de poudres ou de granuléssont parfois avantageuses du fait qu’elles ont une meilleure stabilité etdes coûts de transport inférieurs.  Si plusieurs types de formes buvablessont disponibles sur le même marché (par exemple solutions,suspensions, granulés pour reconstitution), elles peuvent êtreinterchangeables et en pareil cas doivent être bio‐équivalentes. Il estpréférable que les formes buvables ne contiennent pas de sucre et queles solutions destinées à l’enfant ne contiennent pas d’alcool."
Terme,Définition
Injection,"Fait référence à des solutions, suspensions et émulsions, y compris cellesconstituées à partir de poudres ou de solutions concentrées."
Injection (qualifiée),La voie d’administration est indiquée entre parenthèses le cas échéant.
Injection (huileuse),"Le terme injection est accompagné du qualificatif (huileuse) dans lesentrées pertinentes."
"Moded’administration",Termes à utiliser
Dans l’oeil,"Collyres, pommades oculaires."
Topique,"Pour les liquides: lotions, teintures, solutions pour application."
Rectal,"Suppositoires, gels ou solutions."
Vaginal,Ovules ou comprimés vaginaux.
